"Column Name","Label"
"GEO_ID","Geography"
"NAME","Geographic Area Name"
"S1502_C01_001E","Estimate!!Total!!Total population 25 years and over with a Bachelor's degree or higher"
"S1502_C01_001EA","Annotation of Estimate!!Total!!Total population 25 years and over with a Bachelor's degree or higher"
"S1502_C01_001M","Margin of Error!!Total!!Total population 25 years and over with a Bachelor's degree or higher"
"S1502_C01_001MA","Annotation of Margin of Error!!Total!!Total population 25 years and over with a Bachelor's degree or higher"
"S1502_C01_002E","Estimate!!Total!!Total population 25 years and over with a Bachelor's degree or higher!!Science and Engineering"
"S1502_C01_002EA","Annotation of Estimate!!Total!!Total population 25 years and over with a Bachelor's degree or higher!!Science and Engineering"
"S1502_C01_002M","Margin of Error!!Total!!Total population 25 years and over with a Bachelor's degree or higher!!Science and Engineering"
"S1502_C01_002MA","Annotation of Margin of Error!!Total!!Total population 25 years and over with a Bachelor's degree or higher!!Science and Engineering"
"S1502_C01_003E","Estimate!!Total!!Total population 25 years and over with a Bachelor's degree or higher!!Science and Engineering Related Fields"
"S1502_C01_003EA","Annotation of Estimate!!Total!!Total population 25 years and over with a Bachelor's degree or higher!!Science and Engineering Related Fields"
"S1502_C01_003M","Margin of Error!!Total!!Total population 25 years and over with a Bachelor's degree or higher!!Science and Engineering Related Fields"
"S1502_C01_003MA","Annotation of Margin of Error!!Total!!Total population 25 years and over with a Bachelor's degree or higher!!Science and Engineering Related Fields"
"S1502_C01_004E","Estimate!!Total!!Total population 25 years and over with a Bachelor's degree or higher!!Business"
"S1502_C01_004M","Margin of Error!!Total!!Total population 25 years and over with a Bachelor's degree or higher!!Business"
"S1502_C01_004MA","Annotation of Margin of Error!!Total!!Total population 25 years and over with a Bachelor's degree or higher!!Business"
"S1502_C01_004EA","Annotation of Estimate!!Total!!Total population 25 years and over with a Bachelor's degree or higher!!Business"
"S1502_C01_005E","Estimate!!Total!!Total population 25 years and over with a Bachelor's degree or higher!!Education"
"S1502_C01_005M","Margin of Error!!Total!!Total population 25 years and over with a Bachelor's degree or higher!!Education"
"S1502_C01_005MA","Annotation of Margin of Error!!Total!!Total population 25 years and over with a Bachelor's degree or higher!!Education"
"S1502_C01_005EA","Annotation of Estimate!!Total!!Total population 25 years and over with a Bachelor's degree or higher!!Education"
"S1502_C01_006E","Estimate!!Total!!Total population 25 years and over with a Bachelor's degree or higher!!Arts, Humanities and Others"
"S1502_C01_006EA","Annotation of Estimate!!Total!!Total population 25 years and over with a Bachelor's degree or higher!!Arts, Humanities and Others"
"S1502_C01_006M","Margin of Error!!Total!!Total population 25 years and over with a Bachelor's degree or higher!!Arts, Humanities and Others"
"S1502_C01_006MA","Annotation of Margin of Error!!Total!!Total population 25 years and over with a Bachelor's degree or higher!!Arts, Humanities and Others"
"S1502_C01_007E","Estimate!!Total!!Total population 25 years and over with a Bachelor's degree or higher!!DETAILED AGE!!25 to 39 years"
"S1502_C01_007M","Margin of Error!!Total!!Total population 25 years and over with a Bachelor's degree or higher!!DETAILED AGE!!25 to 39 years"
"S1502_C01_007MA","Annotation of Margin of Error!!Total!!Total population 25 years and over with a Bachelor's degree or higher!!DETAILED AGE!!25 to 39 years"
"S1502_C01_007EA","Annotation of Estimate!!Total!!Total population 25 years and over with a Bachelor's degree or higher!!DETAILED AGE!!25 to 39 years"
"S1502_C01_008E","Estimate!!Total!!Total population 25 years and over with a Bachelor's degree or higher!!DETAILED AGE!!25 to 39 years!!Science and Engineering"
"S1502_C01_008EA","Annotation of Estimate!!Total!!Total population 25 years and over with a Bachelor's degree or higher!!DETAILED AGE!!25 to 39 years!!Science and Engineering"
"S1502_C01_008M","Margin of Error!!Total!!Total population 25 years and over with a Bachelor's degree or higher!!DETAILED AGE!!25 to 39 years!!Science and Engineering"
"S1502_C01_008MA","Annotation of Margin of Error!!Total!!Total population 25 years and over with a Bachelor's degree or higher!!DETAILED AGE!!25 to 39 years!!Science and Engineering"
"S1502_C01_009E","Estimate!!Total!!Total population 25 years and over with a Bachelor's degree or higher!!DETAILED AGE!!25 to 39 years!!Science and Engineering Related Fields"
"S1502_C01_009EA","Annotation of Estimate!!Total!!Total population 25 years and over with a Bachelor's degree or higher!!DETAILED AGE!!25 to 39 years!!Science and Engineering Related Fields"
"S1502_C01_009M","Margin of Error!!Total!!Total population 25 years and over with a Bachelor's degree or higher!!DETAILED AGE!!25 to 39 years!!Science and Engineering Related Fields"
"S1502_C01_009MA","Annotation of Margin of Error!!Total!!Total population 25 years and over with a Bachelor's degree or higher!!DETAILED AGE!!25 to 39 years!!Science and Engineering Related Fields"
"S1502_C01_010E","Estimate!!Total!!Total population 25 years and over with a Bachelor's degree or higher!!DETAILED AGE!!25 to 39 years!!Business"
"S1502_C01_010EA","Annotation of Estimate!!Total!!Total population 25 years and over with a Bachelor's degree or higher!!DETAILED AGE!!25 to 39 years!!Business"
"S1502_C01_010M","Margin of Error!!Total!!Total population 25 years and over with a Bachelor's degree or higher!!DETAILED AGE!!25 to 39 years!!Business"
"S1502_C01_010MA","Annotation of Margin of Error!!Total!!Total population 25 years and over with a Bachelor's degree or higher!!DETAILED AGE!!25 to 39 years!!Business"
"S1502_C01_011E","Estimate!!Total!!Total population 25 years and over with a Bachelor's degree or higher!!DETAILED AGE!!25 to 39 years!!Education"
"S1502_C01_011EA","Annotation of Estimate!!Total!!Total population 25 years and over with a Bachelor's degree or higher!!DETAILED AGE!!25 to 39 years!!Education"
"S1502_C01_011M","Margin of Error!!Total!!Total population 25 years and over with a Bachelor's degree or higher!!DETAILED AGE!!25 to 39 years!!Education"
"S1502_C01_011MA","Annotation of Margin of Error!!Total!!Total population 25 years and over with a Bachelor's degree or higher!!DETAILED AGE!!25 to 39 years!!Education"
"S1502_C01_012E","Estimate!!Total!!Total population 25 years and over with a Bachelor's degree or higher!!DETAILED AGE!!25 to 39 years!!Arts, Humanities and Others"
"S1502_C01_012EA","Annotation of Estimate!!Total!!Total population 25 years and over with a Bachelor's degree or higher!!DETAILED AGE!!25 to 39 years!!Arts, Humanities and Others"
"S1502_C01_012M","Margin of Error!!Total!!Total population 25 years and over with a Bachelor's degree or higher!!DETAILED AGE!!25 to 39 years!!Arts, Humanities and Others"
"S1502_C01_012MA","Annotation of Margin of Error!!Total!!Total population 25 years and over with a Bachelor's degree or higher!!DETAILED AGE!!25 to 39 years!!Arts, Humanities and Others"
"S1502_C01_013E","Estimate!!Total!!Total population 25 years and over with a Bachelor's degree or higher!!DETAILED AGE!!40 to 64 years"
"S1502_C01_013EA","Annotation of Estimate!!Total!!Total population 25 years and over with a Bachelor's degree or higher!!DETAILED AGE!!40 to 64 years"
"S1502_C01_013M","Margin of Error!!Total!!Total population 25 years and over with a Bachelor's degree or higher!!DETAILED AGE!!40 to 64 years"
"S1502_C01_013MA","Annotation of Margin of Error!!Total!!Total population 25 years and over with a Bachelor's degree or higher!!DETAILED AGE!!40 to 64 years"
"S1502_C01_014E","Estimate!!Total!!Total population 25 years and over with a Bachelor's degree or higher!!DETAILED AGE!!40 to 64 years!!Science and Engineering"
"S1502_C01_014EA","Annotation of Estimate!!Total!!Total population 25 years and over with a Bachelor's degree or higher!!DETAILED AGE!!40 to 64 years!!Science and Engineering"
"S1502_C01_014M","Margin of Error!!Total!!Total population 25 years and over with a Bachelor's degree or higher!!DETAILED AGE!!40 to 64 years!!Science and Engineering"
"S1502_C01_014MA","Annotation of Margin of Error!!Total!!Total population 25 years and over with a Bachelor's degree or higher!!DETAILED AGE!!40 to 64 years!!Science and Engineering"
"S1502_C01_015E","Estimate!!Total!!Total population 25 years and over with a Bachelor's degree or higher!!DETAILED AGE!!40 to 64 years!!Science and Engineering Related Fields"
"S1502_C01_015EA","Annotation of Estimate!!Total!!Total population 25 years and over with a Bachelor's degree or higher!!DETAILED AGE!!40 to 64 years!!Science and Engineering Related Fields"
"S1502_C01_015M","Margin of Error!!Total!!Total population 25 years and over with a Bachelor's degree or higher!!DETAILED AGE!!40 to 64 years!!Science and Engineering Related Fields"
"S1502_C01_015MA","Annotation of Margin of Error!!Total!!Total population 25 years and over with a Bachelor's degree or higher!!DETAILED AGE!!40 to 64 years!!Science and Engineering Related Fields"
"S1502_C01_016E","Estimate!!Total!!Total population 25 years and over with a Bachelor's degree or higher!!DETAILED AGE!!40 to 64 years!!Business"
"S1502_C01_016EA","Annotation of Estimate!!Total!!Total population 25 years and over with a Bachelor's degree or higher!!DETAILED AGE!!40 to 64 years!!Business"
"S1502_C01_016M","Margin of Error!!Total!!Total population 25 years and over with a Bachelor's degree or higher!!DETAILED AGE!!40 to 64 years!!Business"
"S1502_C01_016MA","Annotation of Margin of Error!!Total!!Total population 25 years and over with a Bachelor's degree or higher!!DETAILED AGE!!40 to 64 years!!Business"
"S1502_C01_017E","Estimate!!Total!!Total population 25 years and over with a Bachelor's degree or higher!!DETAILED AGE!!40 to 64 years!!Education"
"S1502_C01_017M","Margin of Error!!Total!!Total population 25 years and over with a Bachelor's degree or higher!!DETAILED AGE!!40 to 64 years!!Education"
"S1502_C01_017MA","Annotation of Margin of Error!!Total!!Total population 25 years and over with a Bachelor's degree or higher!!DETAILED AGE!!40 to 64 years!!Education"
"S1502_C01_017EA","Annotation of Estimate!!Total!!Total population 25 years and over with a Bachelor's degree or higher!!DETAILED AGE!!40 to 64 years!!Education"
"S1502_C01_018E","Estimate!!Total!!Total population 25 years and over with a Bachelor's degree or higher!!DETAILED AGE!!40 to 64 years!!Arts, Humanities and Others"
"S1502_C01_018M","Margin of Error!!Total!!Total population 25 years and over with a Bachelor's degree or higher!!DETAILED AGE!!40 to 64 years!!Arts, Humanities and Others"
"S1502_C01_018MA","Annotation of Margin of Error!!Total!!Total population 25 years and over with a Bachelor's degree or higher!!DETAILED AGE!!40 to 64 years!!Arts, Humanities and Others"
"S1502_C01_018EA","Annotation of Estimate!!Total!!Total population 25 years and over with a Bachelor's degree or higher!!DETAILED AGE!!40 to 64 years!!Arts, Humanities and Others"
"S1502_C01_019E","Estimate!!Total!!Total population 25 years and over with a Bachelor's degree or higher!!DETAILED AGE!!65 years and over"
"S1502_C01_019M","Margin of Error!!Total!!Total population 25 years and over with a Bachelor's degree or higher!!DETAILED AGE!!65 years and over"
"S1502_C01_019MA","Annotation of Margin of Error!!Total!!Total population 25 years and over with a Bachelor's degree or higher!!DETAILED AGE!!65 years and over"
"S1502_C01_019EA","Annotation of Estimate!!Total!!Total population 25 years and over with a Bachelor's degree or higher!!DETAILED AGE!!65 years and over"
"S1502_C01_020E","Estimate!!Total!!Total population 25 years and over with a Bachelor's degree or higher!!DETAILED AGE!!65 years and over!!Science and Engineering"
"S1502_C01_020M","Margin of Error!!Total!!Total population 25 years and over with a Bachelor's degree or higher!!DETAILED AGE!!65 years and over!!Science and Engineering"
"S1502_C01_020MA","Annotation of Margin of Error!!Total!!Total population 25 years and over with a Bachelor's degree or higher!!DETAILED AGE!!65 years and over!!Science and Engineering"
"S1502_C01_020EA","Annotation of Estimate!!Total!!Total population 25 years and over with a Bachelor's degree or higher!!DETAILED AGE!!65 years and over!!Science and Engineering"
"S1502_C01_021E","Estimate!!Total!!Total population 25 years and over with a Bachelor's degree or higher!!DETAILED AGE!!65 years and over!!Science and Engineering Related Fields"
"S1502_C01_021M","Margin of Error!!Total!!Total population 25 years and over with a Bachelor's degree or higher!!DETAILED AGE!!65 years and over!!Science and Engineering Related Fields"
"S1502_C01_021MA","Annotation of Margin of Error!!Total!!Total population 25 years and over with a Bachelor's degree or higher!!DETAILED AGE!!65 years and over!!Science and Engineering Related Fields"
"S1502_C01_021EA","Annotation of Estimate!!Total!!Total population 25 years and over with a Bachelor's degree or higher!!DETAILED AGE!!65 years and over!!Science and Engineering Related Fields"
"S1502_C01_022E","Estimate!!Total!!Total population 25 years and over with a Bachelor's degree or higher!!DETAILED AGE!!65 years and over!!Business"
"S1502_C01_022EA","Annotation of Estimate!!Total!!Total population 25 years and over with a Bachelor's degree or higher!!DETAILED AGE!!65 years and over!!Business"
"S1502_C01_022M","Margin of Error!!Total!!Total population 25 years and over with a Bachelor's degree or higher!!DETAILED AGE!!65 years and over!!Business"
"S1502_C01_022MA","Annotation of Margin of Error!!Total!!Total population 25 years and over with a Bachelor's degree or higher!!DETAILED AGE!!65 years and over!!Business"
"S1502_C01_023E","Estimate!!Total!!Total population 25 years and over with a Bachelor's degree or higher!!DETAILED AGE!!65 years and over!!Education"
"S1502_C01_023M","Margin of Error!!Total!!Total population 25 years and over with a Bachelor's degree or higher!!DETAILED AGE!!65 years and over!!Education"
"S1502_C01_023MA","Annotation of Margin of Error!!Total!!Total population 25 years and over with a Bachelor's degree or higher!!DETAILED AGE!!65 years and over!!Education"
"S1502_C01_023EA","Annotation of Estimate!!Total!!Total population 25 years and over with a Bachelor's degree or higher!!DETAILED AGE!!65 years and over!!Education"
"S1502_C01_024E","Estimate!!Total!!Total population 25 years and over with a Bachelor's degree or higher!!DETAILED AGE!!65 years and over!!Arts, Humanities and Others"
"S1502_C01_024M","Margin of Error!!Total!!Total population 25 years and over with a Bachelor's degree or higher!!DETAILED AGE!!65 years and over!!Arts, Humanities and Others"
"S1502_C01_024MA","Annotation of Margin of Error!!Total!!Total population 25 years and over with a Bachelor's degree or higher!!DETAILED AGE!!65 years and over!!Arts, Humanities and Others"
"S1502_C01_024EA","Annotation of Estimate!!Total!!Total population 25 years and over with a Bachelor's degree or higher!!DETAILED AGE!!65 years and over!!Arts, Humanities and Others"
"S1502_C02_001E","Estimate!!Percent!!Total population 25 years and over with a Bachelor's degree or higher"
"S1502_C02_001M","Margin of Error!!Percent!!Total population 25 years and over with a Bachelor's degree or higher"
"S1502_C02_001MA","Annotation of Margin of Error!!Percent!!Total population 25 years and over with a Bachelor's degree or higher"
"S1502_C02_001EA","Annotation of Estimate!!Percent!!Total population 25 years and over with a Bachelor's degree or higher"
"S1502_C02_002E","Estimate!!Percent!!Total population 25 years and over with a Bachelor's degree or higher!!Science and Engineering"
"S1502_C02_002EA","Annotation of Estimate!!Percent!!Total population 25 years and over with a Bachelor's degree or higher!!Science and Engineering"
"S1502_C02_002M","Margin of Error!!Percent!!Total population 25 years and over with a Bachelor's degree or higher!!Science and Engineering"
"S1502_C02_002MA","Annotation of Margin of Error!!Percent!!Total population 25 years and over with a Bachelor's degree or higher!!Science and Engineering"
"S1502_C02_003E","Estimate!!Percent!!Total population 25 years and over with a Bachelor's degree or higher!!Science and Engineering Related Fields"
"S1502_C02_003EA","Annotation of Estimate!!Percent!!Total population 25 years and over with a Bachelor's degree or higher!!Science and Engineering Related Fields"
"S1502_C02_003M","Margin of Error!!Percent!!Total population 25 years and over with a Bachelor's degree or higher!!Science and Engineering Related Fields"
"S1502_C02_003MA","Annotation of Margin of Error!!Percent!!Total population 25 years and over with a Bachelor's degree or higher!!Science and Engineering Related Fields"
"S1502_C02_004E","Estimate!!Percent!!Total population 25 years and over with a Bachelor's degree or higher!!Business"
"S1502_C02_004EA","Annotation of Estimate!!Percent!!Total population 25 years and over with a Bachelor's degree or higher!!Business"
"S1502_C02_004M","Margin of Error!!Percent!!Total population 25 years and over with a Bachelor's degree or higher!!Business"
"S1502_C02_004MA","Annotation of Margin of Error!!Percent!!Total population 25 years and over with a Bachelor's degree or higher!!Business"
"S1502_C02_005E","Estimate!!Percent!!Total population 25 years and over with a Bachelor's degree or higher!!Education"
"S1502_C02_005EA","Annotation of Estimate!!Percent!!Total population 25 years and over with a Bachelor's degree or higher!!Education"
"S1502_C02_005M","Margin of Error!!Percent!!Total population 25 years and over with a Bachelor's degree or higher!!Education"
"S1502_C02_005MA","Annotation of Margin of Error!!Percent!!Total population 25 years and over with a Bachelor's degree or higher!!Education"
"S1502_C02_006E","Estimate!!Percent!!Total population 25 years and over with a Bachelor's degree or higher!!Arts, Humanities and Others"
"S1502_C02_006EA","Annotation of Estimate!!Percent!!Total population 25 years and over with a Bachelor's degree or higher!!Arts, Humanities and Others"
"S1502_C02_006M","Margin of Error!!Percent!!Total population 25 years and over with a Bachelor's degree or higher!!Arts, Humanities and Others"
"S1502_C02_006MA","Annotation of Margin of Error!!Percent!!Total population 25 years and over with a Bachelor's degree or higher!!Arts, Humanities and Others"
"S1502_C02_007E","Estimate!!Percent!!Total population 25 years and over with a Bachelor's degree or higher!!DETAILED AGE!!25 to 39 years"
"S1502_C02_007M","Margin of Error!!Percent!!Total population 25 years and over with a Bachelor's degree or higher!!DETAILED AGE!!25 to 39 years"
"S1502_C02_007MA","Annotation of Margin of Error!!Percent!!Total population 25 years and over with a Bachelor's degree or higher!!DETAILED AGE!!25 to 39 years"
"S1502_C02_007EA","Annotation of Estimate!!Percent!!Total population 25 years and over with a Bachelor's degree or higher!!DETAILED AGE!!25 to 39 years"
"S1502_C02_008E","Estimate!!Percent!!Total population 25 years and over with a Bachelor's degree or higher!!DETAILED AGE!!25 to 39 years!!Science and Engineering"
"S1502_C02_008M","Margin of Error!!Percent!!Total population 25 years and over with a Bachelor's degree or higher!!DETAILED AGE!!25 to 39 years!!Science and Engineering"
"S1502_C02_008MA","Annotation of Margin of Error!!Percent!!Total population 25 years and over with a Bachelor's degree or higher!!DETAILED AGE!!25 to 39 years!!Science and Engineering"
"S1502_C02_008EA","Annotation of Estimate!!Percent!!Total population 25 years and over with a Bachelor's degree or higher!!DETAILED AGE!!25 to 39 years!!Science and Engineering"
"S1502_C02_009E","Estimate!!Percent!!Total population 25 years and over with a Bachelor's degree or higher!!DETAILED AGE!!25 to 39 years!!Science and Engineering Related Fields"
"S1502_C02_009M","Margin of Error!!Percent!!Total population 25 years and over with a Bachelor's degree or higher!!DETAILED AGE!!25 to 39 years!!Science and Engineering Related Fields"
"S1502_C02_009MA","Annotation of Margin of Error!!Percent!!Total population 25 years and over with a Bachelor's degree or higher!!DETAILED AGE!!25 to 39 years!!Science and Engineering Related Fields"
"S1502_C02_009EA","Annotation of Estimate!!Percent!!Total population 25 years and over with a Bachelor's degree or higher!!DETAILED AGE!!25 to 39 years!!Science and Engineering Related Fields"
"S1502_C02_010E","Estimate!!Percent!!Total population 25 years and over with a Bachelor's degree or higher!!DETAILED AGE!!25 to 39 years!!Business"
"S1502_C02_010EA","Annotation of Estimate!!Percent!!Total population 25 years and over with a Bachelor's degree or higher!!DETAILED AGE!!25 to 39 years!!Business"
"S1502_C02_010M","Margin of Error!!Percent!!Total population 25 years and over with a Bachelor's degree or higher!!DETAILED AGE!!25 to 39 years!!Business"
"S1502_C02_010MA","Annotation of Margin of Error!!Percent!!Total population 25 years and over with a Bachelor's degree or higher!!DETAILED AGE!!25 to 39 years!!Business"
"S1502_C02_011E","Estimate!!Percent!!Total population 25 years and over with a Bachelor's degree or higher!!DETAILED AGE!!25 to 39 years!!Education"
"S1502_C02_011M","Margin of Error!!Percent!!Total population 25 years and over with a Bachelor's degree or higher!!DETAILED AGE!!25 to 39 years!!Education"
"S1502_C02_011MA","Annotation of Margin of Error!!Percent!!Total population 25 years and over with a Bachelor's degree or higher!!DETAILED AGE!!25 to 39 years!!Education"
"S1502_C02_011EA","Annotation of Estimate!!Percent!!Total population 25 years and over with a Bachelor's degree or higher!!DETAILED AGE!!25 to 39 years!!Education"
"S1502_C02_012E","Estimate!!Percent!!Total population 25 years and over with a Bachelor's degree or higher!!DETAILED AGE!!25 to 39 years!!Arts, Humanities and Others"
"S1502_C02_012M","Margin of Error!!Percent!!Total population 25 years and over with a Bachelor's degree or higher!!DETAILED AGE!!25 to 39 years!!Arts, Humanities and Others"
"S1502_C02_012MA","Annotation of Margin of Error!!Percent!!Total population 25 years and over with a Bachelor's degree or higher!!DETAILED AGE!!25 to 39 years!!Arts, Humanities and Others"
"S1502_C02_012EA","Annotation of Estimate!!Percent!!Total population 25 years and over with a Bachelor's degree or higher!!DETAILED AGE!!25 to 39 years!!Arts, Humanities and Others"
"S1502_C02_013E","Estimate!!Percent!!Total population 25 years and over with a Bachelor's degree or higher!!DETAILED AGE!!40 to 64 years"
"S1502_C02_013EA","Annotation of Estimate!!Percent!!Total population 25 years and over with a Bachelor's degree or higher!!DETAILED AGE!!40 to 64 years"
"S1502_C02_013M","Margin of Error!!Percent!!Total population 25 years and over with a Bachelor's degree or higher!!DETAILED AGE!!40 to 64 years"
"S1502_C02_013MA","Annotation of Margin of Error!!Percent!!Total population 25 years and over with a Bachelor's degree or higher!!DETAILED AGE!!40 to 64 years"
"S1502_C02_014E","Estimate!!Percent!!Total population 25 years and over with a Bachelor's degree or higher!!DETAILED AGE!!40 to 64 years!!Science and Engineering"
"S1502_C02_014EA","Annotation of Estimate!!Percent!!Total population 25 years and over with a Bachelor's degree or higher!!DETAILED AGE!!40 to 64 years!!Science and Engineering"
"S1502_C02_014M","Margin of Error!!Percent!!Total population 25 years and over with a Bachelor's degree or higher!!DETAILED AGE!!40 to 64 years!!Science and Engineering"
"S1502_C02_014MA","Annotation of Margin of Error!!Percent!!Total population 25 years and over with a Bachelor's degree or higher!!DETAILED AGE!!40 to 64 years!!Science and Engineering"
"S1502_C02_015E","Estimate!!Percent!!Total population 25 years and over with a Bachelor's degree or higher!!DETAILED AGE!!40 to 64 years!!Science and Engineering Related Fields"
"S1502_C02_015EA","Annotation of Estimate!!Percent!!Total population 25 years and over with a Bachelor's degree or higher!!DETAILED AGE!!40 to 64 years!!Science and Engineering Related Fields"
"S1502_C02_015M","Margin of Error!!Percent!!Total population 25 years and over with a Bachelor's degree or higher!!DETAILED AGE!!40 to 64 years!!Science and Engineering Related Fields"
"S1502_C02_015MA","Annotation of Margin of Error!!Percent!!Total population 25 years and over with a Bachelor's degree or higher!!DETAILED AGE!!40 to 64 years!!Science and Engineering Related Fields"
"S1502_C02_016E","Estimate!!Percent!!Total population 25 years and over with a Bachelor's degree or higher!!DETAILED AGE!!40 to 64 years!!Business"
"S1502_C02_016M","Margin of Error!!Percent!!Total population 25 years and over with a Bachelor's degree or higher!!DETAILED AGE!!40 to 64 years!!Business"
"S1502_C02_016MA","Annotation of Margin of Error!!Percent!!Total population 25 years and over with a Bachelor's degree or higher!!DETAILED AGE!!40 to 64 years!!Business"
"S1502_C02_016EA","Annotation of Estimate!!Percent!!Total population 25 years and over with a Bachelor's degree or higher!!DETAILED AGE!!40 to 64 years!!Business"
"S1502_C02_017E","Estimate!!Percent!!Total population 25 years and over with a Bachelor's degree or higher!!DETAILED AGE!!40 to 64 years!!Education"
"S1502_C02_017M","Margin of Error!!Percent!!Total population 25 years and over with a Bachelor's degree or higher!!DETAILED AGE!!40 to 64 years!!Education"
"S1502_C02_017MA","Annotation of Margin of Error!!Percent!!Total population 25 years and over with a Bachelor's degree or higher!!DETAILED AGE!!40 to 64 years!!Education"
"S1502_C02_017EA","Annotation of Estimate!!Percent!!Total population 25 years and over with a Bachelor's degree or higher!!DETAILED AGE!!40 to 64 years!!Education"
"S1502_C02_018E","Estimate!!Percent!!Total population 25 years and over with a Bachelor's degree or higher!!DETAILED AGE!!40 to 64 years!!Arts, Humanities and Others"
"S1502_C02_018EA","Annotation of Estimate!!Percent!!Total population 25 years and over with a Bachelor's degree or higher!!DETAILED AGE!!40 to 64 years!!Arts, Humanities and Others"
"S1502_C02_018M","Margin of Error!!Percent!!Total population 25 years and over with a Bachelor's degree or higher!!DETAILED AGE!!40 to 64 years!!Arts, Humanities and Others"
"S1502_C02_018MA","Annotation of Margin of Error!!Percent!!Total population 25 years and over with a Bachelor's degree or higher!!DETAILED AGE!!40 to 64 years!!Arts, Humanities and Others"
"S1502_C02_019E","Estimate!!Percent!!Total population 25 years and over with a Bachelor's degree or higher!!DETAILED AGE!!65 years and over"
"S1502_C02_019M","Margin of Error!!Percent!!Total population 25 years and over with a Bachelor's degree or higher!!DETAILED AGE!!65 years and over"
"S1502_C02_019MA","Annotation of Margin of Error!!Percent!!Total population 25 years and over with a Bachelor's degree or higher!!DETAILED AGE!!65 years and over"
"S1502_C02_019EA","Annotation of Estimate!!Percent!!Total population 25 years and over with a Bachelor's degree or higher!!DETAILED AGE!!65 years and over"
"S1502_C02_020E","Estimate!!Percent!!Total population 25 years and over with a Bachelor's degree or higher!!DETAILED AGE!!65 years and over!!Science and Engineering"
"S1502_C02_020EA","Annotation of Estimate!!Percent!!Total population 25 years and over with a Bachelor's degree or higher!!DETAILED AGE!!65 years and over!!Science and Engineering"
"S1502_C02_020M","Margin of Error!!Percent!!Total population 25 years and over with a Bachelor's degree or higher!!DETAILED AGE!!65 years and over!!Science and Engineering"
"S1502_C02_020MA","Annotation of Margin of Error!!Percent!!Total population 25 years and over with a Bachelor's degree or higher!!DETAILED AGE!!65 years and over!!Science and Engineering"
"S1502_C02_021E","Estimate!!Percent!!Total population 25 years and over with a Bachelor's degree or higher!!DETAILED AGE!!65 years and over!!Science and Engineering Related Fields"
"S1502_C02_021M","Margin of Error!!Percent!!Total population 25 years and over with a Bachelor's degree or higher!!DETAILED AGE!!65 years and over!!Science and Engineering Related Fields"
"S1502_C02_021MA","Annotation of Margin of Error!!Percent!!Total population 25 years and over with a Bachelor's degree or higher!!DETAILED AGE!!65 years and over!!Science and Engineering Related Fields"
"S1502_C02_021EA","Annotation of Estimate!!Percent!!Total population 25 years and over with a Bachelor's degree or higher!!DETAILED AGE!!65 years and over!!Science and Engineering Related Fields"
"S1502_C02_022E","Estimate!!Percent!!Total population 25 years and over with a Bachelor's degree or higher!!DETAILED AGE!!65 years and over!!Business"
"S1502_C02_022EA","Annotation of Estimate!!Percent!!Total population 25 years and over with a Bachelor's degree or higher!!DETAILED AGE!!65 years and over!!Business"
"S1502_C02_022M","Margin of Error!!Percent!!Total population 25 years and over with a Bachelor's degree or higher!!DETAILED AGE!!65 years and over!!Business"
"S1502_C02_022MA","Annotation of Margin of Error!!Percent!!Total population 25 years and over with a Bachelor's degree or higher!!DETAILED AGE!!65 years and over!!Business"
"S1502_C02_023E","Estimate!!Percent!!Total population 25 years and over with a Bachelor's degree or higher!!DETAILED AGE!!65 years and over!!Education"
"S1502_C02_023EA","Annotation of Estimate!!Percent!!Total population 25 years and over with a Bachelor's degree or higher!!DETAILED AGE!!65 years and over!!Education"
"S1502_C02_023M","Margin of Error!!Percent!!Total population 25 years and over with a Bachelor's degree or higher!!DETAILED AGE!!65 years and over!!Education"
"S1502_C02_023MA","Annotation of Margin of Error!!Percent!!Total population 25 years and over with a Bachelor's degree or higher!!DETAILED AGE!!65 years and over!!Education"
"S1502_C02_024E","Estimate!!Percent!!Total population 25 years and over with a Bachelor's degree or higher!!DETAILED AGE!!65 years and over!!Arts, Humanities and Others"
"S1502_C02_024EA","Annotation of Estimate!!Percent!!Total population 25 years and over with a Bachelor's degree or higher!!DETAILED AGE!!65 years and over!!Arts, Humanities and Others"
"S1502_C02_024M","Margin of Error!!Percent!!Total population 25 years and over with a Bachelor's degree or higher!!DETAILED AGE!!65 years and over!!Arts, Humanities and Others"
"S1502_C02_024MA","Annotation of Margin of Error!!Percent!!Total population 25 years and over with a Bachelor's degree or higher!!DETAILED AGE!!65 years and over!!Arts, Humanities and Others"
"S1502_C03_001E","Estimate!!Male!!Total population 25 years and over with a Bachelor's degree or higher"
"S1502_C03_001M","Margin of Error!!Male!!Total population 25 years and over with a Bachelor's degree or higher"
"S1502_C03_001MA","Annotation of Margin of Error!!Male!!Total population 25 years and over with a Bachelor's degree or higher"
"S1502_C03_001EA","Annotation of Estimate!!Male!!Total population 25 years and over with a Bachelor's degree or higher"
"S1502_C03_002E","Estimate!!Male!!Total population 25 years and over with a Bachelor's degree or higher!!Science and Engineering"
"S1502_C03_002EA","Annotation of Estimate!!Male!!Total population 25 years and over with a Bachelor's degree or higher!!Science and Engineering"
"S1502_C03_002M","Margin of Error!!Male!!Total population 25 years and over with a Bachelor's degree or higher!!Science and Engineering"
"S1502_C03_002MA","Annotation of Margin of Error!!Male!!Total population 25 years and over with a Bachelor's degree or higher!!Science and Engineering"
"S1502_C03_003E","Estimate!!Male!!Total population 25 years and over with a Bachelor's degree or higher!!Science and Engineering Related Fields"
"S1502_C03_003M","Margin of Error!!Male!!Total population 25 years and over with a Bachelor's degree or higher!!Science and Engineering Related Fields"
"S1502_C03_003MA","Annotation of Margin of Error!!Male!!Total population 25 years and over with a Bachelor's degree or higher!!Science and Engineering Related Fields"
"S1502_C03_003EA","Annotation of Estimate!!Male!!Total population 25 years and over with a Bachelor's degree or higher!!Science and Engineering Related Fields"
"S1502_C03_004E","Estimate!!Male!!Total population 25 years and over with a Bachelor's degree or higher!!Business"
"S1502_C03_004EA","Annotation of Estimate!!Male!!Total population 25 years and over with a Bachelor's degree or higher!!Business"
"S1502_C03_004M","Margin of Error!!Male!!Total population 25 years and over with a Bachelor's degree or higher!!Business"
"S1502_C03_004MA","Annotation of Margin of Error!!Male!!Total population 25 years and over with a Bachelor's degree or higher!!Business"
"S1502_C03_005E","Estimate!!Male!!Total population 25 years and over with a Bachelor's degree or higher!!Education"
"S1502_C03_005EA","Annotation of Estimate!!Male!!Total population 25 years and over with a Bachelor's degree or higher!!Education"
"S1502_C03_005M","Margin of Error!!Male!!Total population 25 years and over with a Bachelor's degree or higher!!Education"
"S1502_C03_005MA","Annotation of Margin of Error!!Male!!Total population 25 years and over with a Bachelor's degree or higher!!Education"
"S1502_C03_006E","Estimate!!Male!!Total population 25 years and over with a Bachelor's degree or higher!!Arts, Humanities and Others"
"S1502_C03_006EA","Annotation of Estimate!!Male!!Total population 25 years and over with a Bachelor's degree or higher!!Arts, Humanities and Others"
"S1502_C03_006M","Margin of Error!!Male!!Total population 25 years and over with a Bachelor's degree or higher!!Arts, Humanities and Others"
"S1502_C03_006MA","Annotation of Margin of Error!!Male!!Total population 25 years and over with a Bachelor's degree or higher!!Arts, Humanities and Others"
"S1502_C03_007E","Estimate!!Male!!Total population 25 years and over with a Bachelor's degree or higher!!DETAILED AGE!!25 to 39 years"
"S1502_C03_007EA","Annotation of Estimate!!Male!!Total population 25 years and over with a Bachelor's degree or higher!!DETAILED AGE!!25 to 39 years"
"S1502_C03_007M","Margin of Error!!Male!!Total population 25 years and over with a Bachelor's degree or higher!!DETAILED AGE!!25 to 39 years"
"S1502_C03_007MA","Annotation of Margin of Error!!Male!!Total population 25 years and over with a Bachelor's degree or higher!!DETAILED AGE!!25 to 39 years"
"S1502_C03_008E","Estimate!!Male!!Total population 25 years and over with a Bachelor's degree or higher!!DETAILED AGE!!25 to 39 years!!Science and Engineering"
"S1502_C03_008M","Margin of Error!!Male!!Total population 25 years and over with a Bachelor's degree or higher!!DETAILED AGE!!25 to 39 years!!Science and Engineering"
"S1502_C03_008MA","Annotation of Margin of Error!!Male!!Total population 25 years and over with a Bachelor's degree or higher!!DETAILED AGE!!25 to 39 years!!Science and Engineering"
"S1502_C03_008EA","Annotation of Estimate!!Male!!Total population 25 years and over with a Bachelor's degree or higher!!DETAILED AGE!!25 to 39 years!!Science and Engineering"
"S1502_C03_009E","Estimate!!Male!!Total population 25 years and over with a Bachelor's degree or higher!!DETAILED AGE!!25 to 39 years!!Science and Engineering Related Fields"
"S1502_C03_009EA","Annotation of Estimate!!Male!!Total population 25 years and over with a Bachelor's degree or higher!!DETAILED AGE!!25 to 39 years!!Science and Engineering Related Fields"
"S1502_C03_009M","Margin of Error!!Male!!Total population 25 years and over with a Bachelor's degree or higher!!DETAILED AGE!!25 to 39 years!!Science and Engineering Related Fields"
"S1502_C03_009MA","Annotation of Margin of Error!!Male!!Total population 25 years and over with a Bachelor's degree or higher!!DETAILED AGE!!25 to 39 years!!Science and Engineering Related Fields"
"S1502_C03_010E","Estimate!!Male!!Total population 25 years and over with a Bachelor's degree or higher!!DETAILED AGE!!25 to 39 years!!Business"
"S1502_C03_010M","Margin of Error!!Male!!Total population 25 years and over with a Bachelor's degree or higher!!DETAILED AGE!!25 to 39 years!!Business"
"S1502_C03_010MA","Annotation of Margin of Error!!Male!!Total population 25 years and over with a Bachelor's degree or higher!!DETAILED AGE!!25 to 39 years!!Business"
"S1502_C03_010EA","Annotation of Estimate!!Male!!Total population 25 years and over with a Bachelor's degree or higher!!DETAILED AGE!!25 to 39 years!!Business"
"S1502_C03_011E","Estimate!!Male!!Total population 25 years and over with a Bachelor's degree or higher!!DETAILED AGE!!25 to 39 years!!Education"
"S1502_C03_011M","Margin of Error!!Male!!Total population 25 years and over with a Bachelor's degree or higher!!DETAILED AGE!!25 to 39 years!!Education"
"S1502_C03_011MA","Annotation of Margin of Error!!Male!!Total population 25 years and over with a Bachelor's degree or higher!!DETAILED AGE!!25 to 39 years!!Education"
"S1502_C03_011EA","Annotation of Estimate!!Male!!Total population 25 years and over with a Bachelor's degree or higher!!DETAILED AGE!!25 to 39 years!!Education"
"S1502_C03_012E","Estimate!!Male!!Total population 25 years and over with a Bachelor's degree or higher!!DETAILED AGE!!25 to 39 years!!Arts, Humanities and Others"
"S1502_C03_012EA","Annotation of Estimate!!Male!!Total population 25 years and over with a Bachelor's degree or higher!!DETAILED AGE!!25 to 39 years!!Arts, Humanities and Others"
"S1502_C03_012M","Margin of Error!!Male!!Total population 25 years and over with a Bachelor's degree or higher!!DETAILED AGE!!25 to 39 years!!Arts, Humanities and Others"
"S1502_C03_012MA","Annotation of Margin of Error!!Male!!Total population 25 years and over with a Bachelor's degree or higher!!DETAILED AGE!!25 to 39 years!!Arts, Humanities and Others"
"S1502_C03_013E","Estimate!!Male!!Total population 25 years and over with a Bachelor's degree or higher!!DETAILED AGE!!40 to 64 years"
"S1502_C03_013EA","Annotation of Estimate!!Male!!Total population 25 years and over with a Bachelor's degree or higher!!DETAILED AGE!!40 to 64 years"
"S1502_C03_013M","Margin of Error!!Male!!Total population 25 years and over with a Bachelor's degree or higher!!DETAILED AGE!!40 to 64 years"
"S1502_C03_013MA","Annotation of Margin of Error!!Male!!Total population 25 years and over with a Bachelor's degree or higher!!DETAILED AGE!!40 to 64 years"
"S1502_C03_014E","Estimate!!Male!!Total population 25 years and over with a Bachelor's degree or higher!!DETAILED AGE!!40 to 64 years!!Science and Engineering"
"S1502_C03_014M","Margin of Error!!Male!!Total population 25 years and over with a Bachelor's degree or higher!!DETAILED AGE!!40 to 64 years!!Science and Engineering"
"S1502_C03_014MA","Annotation of Margin of Error!!Male!!Total population 25 years and over with a Bachelor's degree or higher!!DETAILED AGE!!40 to 64 years!!Science and Engineering"
"S1502_C03_014EA","Annotation of Estimate!!Male!!Total population 25 years and over with a Bachelor's degree or higher!!DETAILED AGE!!40 to 64 years!!Science and Engineering"
"S1502_C03_015E","Estimate!!Male!!Total population 25 years and over with a Bachelor's degree or higher!!DETAILED AGE!!40 to 64 years!!Science and Engineering Related Fields"
"S1502_C03_015EA","Annotation of Estimate!!Male!!Total population 25 years and over with a Bachelor's degree or higher!!DETAILED AGE!!40 to 64 years!!Science and Engineering Related Fields"
"S1502_C03_015M","Margin of Error!!Male!!Total population 25 years and over with a Bachelor's degree or higher!!DETAILED AGE!!40 to 64 years!!Science and Engineering Related Fields"
"S1502_C03_015MA","Annotation of Margin of Error!!Male!!Total population 25 years and over with a Bachelor's degree or higher!!DETAILED AGE!!40 to 64 years!!Science and Engineering Related Fields"
"S1502_C03_016E","Estimate!!Male!!Total population 25 years and over with a Bachelor's degree or higher!!DETAILED AGE!!40 to 64 years!!Business"
"S1502_C03_016M","Margin of Error!!Male!!Total population 25 years and over with a Bachelor's degree or higher!!DETAILED AGE!!40 to 64 years!!Business"
"S1502_C03_016MA","Annotation of Margin of Error!!Male!!Total population 25 years and over with a Bachelor's degree or higher!!DETAILED AGE!!40 to 64 years!!Business"
"S1502_C03_016EA","Annotation of Estimate!!Male!!Total population 25 years and over with a Bachelor's degree or higher!!DETAILED AGE!!40 to 64 years!!Business"
"S1502_C03_017E","Estimate!!Male!!Total population 25 years and over with a Bachelor's degree or higher!!DETAILED AGE!!40 to 64 years!!Education"
"S1502_C03_017M","Margin of Error!!Male!!Total population 25 years and over with a Bachelor's degree or higher!!DETAILED AGE!!40 to 64 years!!Education"
"S1502_C03_017MA","Annotation of Margin of Error!!Male!!Total population 25 years and over with a Bachelor's degree or higher!!DETAILED AGE!!40 to 64 years!!Education"
"S1502_C03_017EA","Annotation of Estimate!!Male!!Total population 25 years and over with a Bachelor's degree or higher!!DETAILED AGE!!40 to 64 years!!Education"
"S1502_C03_018E","Estimate!!Male!!Total population 25 years and over with a Bachelor's degree or higher!!DETAILED AGE!!40 to 64 years!!Arts, Humanities and Others"
"S1502_C03_018M","Margin of Error!!Male!!Total population 25 years and over with a Bachelor's degree or higher!!DETAILED AGE!!40 to 64 years!!Arts, Humanities and Others"
"S1502_C03_018MA","Annotation of Margin of Error!!Male!!Total population 25 years and over with a Bachelor's degree or higher!!DETAILED AGE!!40 to 64 years!!Arts, Humanities and Others"
"S1502_C03_018EA","Annotation of Estimate!!Male!!Total population 25 years and over with a Bachelor's degree or higher!!DETAILED AGE!!40 to 64 years!!Arts, Humanities and Others"
"S1502_C03_019E","Estimate!!Male!!Total population 25 years and over with a Bachelor's degree or higher!!DETAILED AGE!!65 years and over"
"S1502_C03_019EA","Annotation of Estimate!!Male!!Total population 25 years and over with a Bachelor's degree or higher!!DETAILED AGE!!65 years and over"
"S1502_C03_019M","Margin of Error!!Male!!Total population 25 years and over with a Bachelor's degree or higher!!DETAILED AGE!!65 years and over"
"S1502_C03_019MA","Annotation of Margin of Error!!Male!!Total population 25 years and over with a Bachelor's degree or higher!!DETAILED AGE!!65 years and over"
"S1502_C03_020E","Estimate!!Male!!Total population 25 years and over with a Bachelor's degree or higher!!DETAILED AGE!!65 years and over!!Science and Engineering"
"S1502_C03_020M","Margin of Error!!Male!!Total population 25 years and over with a Bachelor's degree or higher!!DETAILED AGE!!65 years and over!!Science and Engineering"
"S1502_C03_020MA","Annotation of Margin of Error!!Male!!Total population 25 years and over with a Bachelor's degree or higher!!DETAILED AGE!!65 years and over!!Science and Engineering"
"S1502_C03_020EA","Annotation of Estimate!!Male!!Total population 25 years and over with a Bachelor's degree or higher!!DETAILED AGE!!65 years and over!!Science and Engineering"
"S1502_C03_021E","Estimate!!Male!!Total population 25 years and over with a Bachelor's degree or higher!!DETAILED AGE!!65 years and over!!Science and Engineering Related Fields"
"S1502_C03_021EA","Annotation of Estimate!!Male!!Total population 25 years and over with a Bachelor's degree or higher!!DETAILED AGE!!65 years and over!!Science and Engineering Related Fields"
"S1502_C03_021M","Margin of Error!!Male!!Total population 25 years and over with a Bachelor's degree or higher!!DETAILED AGE!!65 years and over!!Science and Engineering Related Fields"
"S1502_C03_021MA","Annotation of Margin of Error!!Male!!Total population 25 years and over with a Bachelor's degree or higher!!DETAILED AGE!!65 years and over!!Science and Engineering Related Fields"
"S1502_C03_022E","Estimate!!Male!!Total population 25 years and over with a Bachelor's degree or higher!!DETAILED AGE!!65 years and over!!Business"
"S1502_C03_022M","Margin of Error!!Male!!Total population 25 years and over with a Bachelor's degree or higher!!DETAILED AGE!!65 years and over!!Business"
"S1502_C03_022MA","Annotation of Margin of Error!!Male!!Total population 25 years and over with a Bachelor's degree or higher!!DETAILED AGE!!65 years and over!!Business"
"S1502_C03_022EA","Annotation of Estimate!!Male!!Total population 25 years and over with a Bachelor's degree or higher!!DETAILED AGE!!65 years and over!!Business"
"S1502_C03_023E","Estimate!!Male!!Total population 25 years and over with a Bachelor's degree or higher!!DETAILED AGE!!65 years and over!!Education"
"S1502_C03_023EA","Annotation of Estimate!!Male!!Total population 25 years and over with a Bachelor's degree or higher!!DETAILED AGE!!65 years and over!!Education"
"S1502_C03_023M","Margin of Error!!Male!!Total population 25 years and over with a Bachelor's degree or higher!!DETAILED AGE!!65 years and over!!Education"
"S1502_C03_023MA","Annotation of Margin of Error!!Male!!Total population 25 years and over with a Bachelor's degree or higher!!DETAILED AGE!!65 years and over!!Education"
"S1502_C03_024E","Estimate!!Male!!Total population 25 years and over with a Bachelor's degree or higher!!DETAILED AGE!!65 years and over!!Arts, Humanities and Others"
"S1502_C03_024EA","Annotation of Estimate!!Male!!Total population 25 years and over with a Bachelor's degree or higher!!DETAILED AGE!!65 years and over!!Arts, Humanities and Others"
"S1502_C03_024M","Margin of Error!!Male!!Total population 25 years and over with a Bachelor's degree or higher!!DETAILED AGE!!65 years and over!!Arts, Humanities and Others"
"S1502_C03_024MA","Annotation of Margin of Error!!Male!!Total population 25 years and over with a Bachelor's degree or higher!!DETAILED AGE!!65 years and over!!Arts, Humanities and Others"
"S1502_C04_001E","Estimate!!Percent Male!!Total population 25 years and over with a Bachelor's degree or higher"
"S1502_C04_001M","Margin of Error!!Percent Male!!Total population 25 years and over with a Bachelor's degree or higher"
"S1502_C04_001MA","Annotation of Margin of Error!!Percent Male!!Total population 25 years and over with a Bachelor's degree or higher"
"S1502_C04_001EA","Annotation of Estimate!!Percent Male!!Total population 25 years and over with a Bachelor's degree or higher"
"S1502_C04_002E","Estimate!!Percent Male!!Total population 25 years and over with a Bachelor's degree or higher!!Science and Engineering"
"S1502_C04_002EA","Annotation of Estimate!!Percent Male!!Total population 25 years and over with a Bachelor's degree or higher!!Science and Engineering"
"S1502_C04_002M","Margin of Error!!Percent Male!!Total population 25 years and over with a Bachelor's degree or higher!!Science and Engineering"
"S1502_C04_002MA","Annotation of Margin of Error!!Percent Male!!Total population 25 years and over with a Bachelor's degree or higher!!Science and Engineering"
"S1502_C04_003E","Estimate!!Percent Male!!Total population 25 years and over with a Bachelor's degree or higher!!Science and Engineering Related Fields"
"S1502_C04_003M","Margin of Error!!Percent Male!!Total population 25 years and over with a Bachelor's degree or higher!!Science and Engineering Related Fields"
"S1502_C04_003MA","Annotation of Margin of Error!!Percent Male!!Total population 25 years and over with a Bachelor's degree or higher!!Science and Engineering Related Fields"
"S1502_C04_003EA","Annotation of Estimate!!Percent Male!!Total population 25 years and over with a Bachelor's degree or higher!!Science and Engineering Related Fields"
"S1502_C04_004E","Estimate!!Percent Male!!Total population 25 years and over with a Bachelor's degree or higher!!Business"
"S1502_C04_004M","Margin of Error!!Percent Male!!Total population 25 years and over with a Bachelor's degree or higher!!Business"
"S1502_C04_004MA","Annotation of Margin of Error!!Percent Male!!Total population 25 years and over with a Bachelor's degree or higher!!Business"
"S1502_C04_004EA","Annotation of Estimate!!Percent Male!!Total population 25 years and over with a Bachelor's degree or higher!!Business"
"S1502_C04_005E","Estimate!!Percent Male!!Total population 25 years and over with a Bachelor's degree or higher!!Education"
"S1502_C04_005EA","Annotation of Estimate!!Percent Male!!Total population 25 years and over with a Bachelor's degree or higher!!Education"
"S1502_C04_005M","Margin of Error!!Percent Male!!Total population 25 years and over with a Bachelor's degree or higher!!Education"
"S1502_C04_005MA","Annotation of Margin of Error!!Percent Male!!Total population 25 years and over with a Bachelor's degree or higher!!Education"
"S1502_C04_006E","Estimate!!Percent Male!!Total population 25 years and over with a Bachelor's degree or higher!!Arts, Humanities and Others"
"S1502_C04_006M","Margin of Error!!Percent Male!!Total population 25 years and over with a Bachelor's degree or higher!!Arts, Humanities and Others"
"S1502_C04_006MA","Annotation of Margin of Error!!Percent Male!!Total population 25 years and over with a Bachelor's degree or higher!!Arts, Humanities and Others"
"S1502_C04_006EA","Annotation of Estimate!!Percent Male!!Total population 25 years and over with a Bachelor's degree or higher!!Arts, Humanities and Others"
"S1502_C04_007E","Estimate!!Percent Male!!Total population 25 years and over with a Bachelor's degree or higher!!DETAILED AGE!!25 to 39 years"
"S1502_C04_007M","Margin of Error!!Percent Male!!Total population 25 years and over with a Bachelor's degree or higher!!DETAILED AGE!!25 to 39 years"
"S1502_C04_007MA","Annotation of Margin of Error!!Percent Male!!Total population 25 years and over with a Bachelor's degree or higher!!DETAILED AGE!!25 to 39 years"
"S1502_C04_007EA","Annotation of Estimate!!Percent Male!!Total population 25 years and over with a Bachelor's degree or higher!!DETAILED AGE!!25 to 39 years"
"S1502_C04_008E","Estimate!!Percent Male!!Total population 25 years and over with a Bachelor's degree or higher!!DETAILED AGE!!25 to 39 years!!Science and Engineering"
"S1502_C04_008EA","Annotation of Estimate!!Percent Male!!Total population 25 years and over with a Bachelor's degree or higher!!DETAILED AGE!!25 to 39 years!!Science and Engineering"
"S1502_C04_008M","Margin of Error!!Percent Male!!Total population 25 years and over with a Bachelor's degree or higher!!DETAILED AGE!!25 to 39 years!!Science and Engineering"
"S1502_C04_008MA","Annotation of Margin of Error!!Percent Male!!Total population 25 years and over with a Bachelor's degree or higher!!DETAILED AGE!!25 to 39 years!!Science and Engineering"
"S1502_C04_009E","Estimate!!Percent Male!!Total population 25 years and over with a Bachelor's degree or higher!!DETAILED AGE!!25 to 39 years!!Science and Engineering Related Fields"
"S1502_C04_009M","Margin of Error!!Percent Male!!Total population 25 years and over with a Bachelor's degree or higher!!DETAILED AGE!!25 to 39 years!!Science and Engineering Related Fields"
"S1502_C04_009MA","Annotation of Margin of Error!!Percent Male!!Total population 25 years and over with a Bachelor's degree or higher!!DETAILED AGE!!25 to 39 years!!Science and Engineering Related Fields"
"S1502_C04_009EA","Annotation of Estimate!!Percent Male!!Total population 25 years and over with a Bachelor's degree or higher!!DETAILED AGE!!25 to 39 years!!Science and Engineering Related Fields"
"S1502_C04_010E","Estimate!!Percent Male!!Total population 25 years and over with a Bachelor's degree or higher!!DETAILED AGE!!25 to 39 years!!Business"
"S1502_C04_010EA","Annotation of Estimate!!Percent Male!!Total population 25 years and over with a Bachelor's degree or higher!!DETAILED AGE!!25 to 39 years!!Business"
"S1502_C04_010M","Margin of Error!!Percent Male!!Total population 25 years and over with a Bachelor's degree or higher!!DETAILED AGE!!25 to 39 years!!Business"
"S1502_C04_010MA","Annotation of Margin of Error!!Percent Male!!Total population 25 years and over with a Bachelor's degree or higher!!DETAILED AGE!!25 to 39 years!!Business"
"S1502_C04_011E","Estimate!!Percent Male!!Total population 25 years and over with a Bachelor's degree or higher!!DETAILED AGE!!25 to 39 years!!Education"
"S1502_C04_011EA","Annotation of Estimate!!Percent Male!!Total population 25 years and over with a Bachelor's degree or higher!!DETAILED AGE!!25 to 39 years!!Education"
"S1502_C04_011M","Margin of Error!!Percent Male!!Total population 25 years and over with a Bachelor's degree or higher!!DETAILED AGE!!25 to 39 years!!Education"
"S1502_C04_011MA","Annotation of Margin of Error!!Percent Male!!Total population 25 years and over with a Bachelor's degree or higher!!DETAILED AGE!!25 to 39 years!!Education"
"S1502_C04_012E","Estimate!!Percent Male!!Total population 25 years and over with a Bachelor's degree or higher!!DETAILED AGE!!25 to 39 years!!Arts, Humanities and Others"
"S1502_C04_012EA","Annotation of Estimate!!Percent Male!!Total population 25 years and over with a Bachelor's degree or higher!!DETAILED AGE!!25 to 39 years!!Arts, Humanities and Others"
"S1502_C04_012M","Margin of Error!!Percent Male!!Total population 25 years and over with a Bachelor's degree or higher!!DETAILED AGE!!25 to 39 years!!Arts, Humanities and Others"
"S1502_C04_012MA","Annotation of Margin of Error!!Percent Male!!Total population 25 years and over with a Bachelor's degree or higher!!DETAILED AGE!!25 to 39 years!!Arts, Humanities and Others"
"S1502_C04_013E","Estimate!!Percent Male!!Total population 25 years and over with a Bachelor's degree or higher!!DETAILED AGE!!40 to 64 years"
"S1502_C04_013EA","Annotation of Estimate!!Percent Male!!Total population 25 years and over with a Bachelor's degree or higher!!DETAILED AGE!!40 to 64 years"
"S1502_C04_013M","Margin of Error!!Percent Male!!Total population 25 years and over with a Bachelor's degree or higher!!DETAILED AGE!!40 to 64 years"
"S1502_C04_013MA","Annotation of Margin of Error!!Percent Male!!Total population 25 years and over with a Bachelor's degree or higher!!DETAILED AGE!!40 to 64 years"
"S1502_C04_014E","Estimate!!Percent Male!!Total population 25 years and over with a Bachelor's degree or higher!!DETAILED AGE!!40 to 64 years!!Science and Engineering"
"S1502_C04_014EA","Annotation of Estimate!!Percent Male!!Total population 25 years and over with a Bachelor's degree or higher!!DETAILED AGE!!40 to 64 years!!Science and Engineering"
"S1502_C04_014M","Margin of Error!!Percent Male!!Total population 25 years and over with a Bachelor's degree or higher!!DETAILED AGE!!40 to 64 years!!Science and Engineering"
"S1502_C04_014MA","Annotation of Margin of Error!!Percent Male!!Total population 25 years and over with a Bachelor's degree or higher!!DETAILED AGE!!40 to 64 years!!Science and Engineering"
"S1502_C04_015E","Estimate!!Percent Male!!Total population 25 years and over with a Bachelor's degree or higher!!DETAILED AGE!!40 to 64 years!!Science and Engineering Related Fields"
"S1502_C04_015M","Margin of Error!!Percent Male!!Total population 25 years and over with a Bachelor's degree or higher!!DETAILED AGE!!40 to 64 years!!Science and Engineering Related Fields"
"S1502_C04_015MA","Annotation of Margin of Error!!Percent Male!!Total population 25 years and over with a Bachelor's degree or higher!!DETAILED AGE!!40 to 64 years!!Science and Engineering Related Fields"
"S1502_C04_015EA","Annotation of Estimate!!Percent Male!!Total population 25 years and over with a Bachelor's degree or higher!!DETAILED AGE!!40 to 64 years!!Science and Engineering Related Fields"
"S1502_C04_016E","Estimate!!Percent Male!!Total population 25 years and over with a Bachelor's degree or higher!!DETAILED AGE!!40 to 64 years!!Business"
"S1502_C04_016EA","Annotation of Estimate!!Percent Male!!Total population 25 years and over with a Bachelor's degree or higher!!DETAILED AGE!!40 to 64 years!!Business"
"S1502_C04_016M","Margin of Error!!Percent Male!!Total population 25 years and over with a Bachelor's degree or higher!!DETAILED AGE!!40 to 64 years!!Business"
"S1502_C04_016MA","Annotation of Margin of Error!!Percent Male!!Total population 25 years and over with a Bachelor's degree or higher!!DETAILED AGE!!40 to 64 years!!Business"
"S1502_C04_017E","Estimate!!Percent Male!!Total population 25 years and over with a Bachelor's degree or higher!!DETAILED AGE!!40 to 64 years!!Education"
"S1502_C04_017M","Margin of Error!!Percent Male!!Total population 25 years and over with a Bachelor's degree or higher!!DETAILED AGE!!40 to 64 years!!Education"
"S1502_C04_017MA","Annotation of Margin of Error!!Percent Male!!Total population 25 years and over with a Bachelor's degree or higher!!DETAILED AGE!!40 to 64 years!!Education"
"S1502_C04_017EA","Annotation of Estimate!!Percent Male!!Total population 25 years and over with a Bachelor's degree or higher!!DETAILED AGE!!40 to 64 years!!Education"
"S1502_C04_018E","Estimate!!Percent Male!!Total population 25 years and over with a Bachelor's degree or higher!!DETAILED AGE!!40 to 64 years!!Arts, Humanities and Others"
"S1502_C04_018M","Margin of Error!!Percent Male!!Total population 25 years and over with a Bachelor's degree or higher!!DETAILED AGE!!40 to 64 years!!Arts, Humanities and Others"
"S1502_C04_018MA","Annotation of Margin of Error!!Percent Male!!Total population 25 years and over with a Bachelor's degree or higher!!DETAILED AGE!!40 to 64 years!!Arts, Humanities and Others"
"S1502_C04_018EA","Annotation of Estimate!!Percent Male!!Total population 25 years and over with a Bachelor's degree or higher!!DETAILED AGE!!40 to 64 years!!Arts, Humanities and Others"
"S1502_C04_019E","Estimate!!Percent Male!!Total population 25 years and over with a Bachelor's degree or higher!!DETAILED AGE!!65 years and over"
"S1502_C04_019EA","Annotation of Estimate!!Percent Male!!Total population 25 years and over with a Bachelor's degree or higher!!DETAILED AGE!!65 years and over"
"S1502_C04_019M","Margin of Error!!Percent Male!!Total population 25 years and over with a Bachelor's degree or higher!!DETAILED AGE!!65 years and over"
"S1502_C04_019MA","Annotation of Margin of Error!!Percent Male!!Total population 25 years and over with a Bachelor's degree or higher!!DETAILED AGE!!65 years and over"
"S1502_C04_020E","Estimate!!Percent Male!!Total population 25 years and over with a Bachelor's degree or higher!!DETAILED AGE!!65 years and over!!Science and Engineering"
"S1502_C04_020EA","Annotation of Estimate!!Percent Male!!Total population 25 years and over with a Bachelor's degree or higher!!DETAILED AGE!!65 years and over!!Science and Engineering"
"S1502_C04_020M","Margin of Error!!Percent Male!!Total population 25 years and over with a Bachelor's degree or higher!!DETAILED AGE!!65 years and over!!Science and Engineering"
"S1502_C04_020MA","Annotation of Margin of Error!!Percent Male!!Total population 25 years and over with a Bachelor's degree or higher!!DETAILED AGE!!65 years and over!!Science and Engineering"
"S1502_C04_021E","Estimate!!Percent Male!!Total population 25 years and over with a Bachelor's degree or higher!!DETAILED AGE!!65 years and over!!Science and Engineering Related Fields"
"S1502_C04_021M","Margin of Error!!Percent Male!!Total population 25 years and over with a Bachelor's degree or higher!!DETAILED AGE!!65 years and over!!Science and Engineering Related Fields"
"S1502_C04_021MA","Annotation of Margin of Error!!Percent Male!!Total population 25 years and over with a Bachelor's degree or higher!!DETAILED AGE!!65 years and over!!Science and Engineering Related Fields"
"S1502_C04_021EA","Annotation of Estimate!!Percent Male!!Total population 25 years and over with a Bachelor's degree or higher!!DETAILED AGE!!65 years and over!!Science and Engineering Related Fields"
"S1502_C04_022E","Estimate!!Percent Male!!Total population 25 years and over with a Bachelor's degree or higher!!DETAILED AGE!!65 years and over!!Business"
"S1502_C04_022M","Margin of Error!!Percent Male!!Total population 25 years and over with a Bachelor's degree or higher!!DETAILED AGE!!65 years and over!!Business"
"S1502_C04_022MA","Annotation of Margin of Error!!Percent Male!!Total population 25 years and over with a Bachelor's degree or higher!!DETAILED AGE!!65 years and over!!Business"
"S1502_C04_022EA","Annotation of Estimate!!Percent Male!!Total population 25 years and over with a Bachelor's degree or higher!!DETAILED AGE!!65 years and over!!Business"
"S1502_C04_023E","Estimate!!Percent Male!!Total population 25 years and over with a Bachelor's degree or higher!!DETAILED AGE!!65 years and over!!Education"
"S1502_C04_023M","Margin of Error!!Percent Male!!Total population 25 years and over with a Bachelor's degree or higher!!DETAILED AGE!!65 years and over!!Education"
"S1502_C04_023MA","Annotation of Margin of Error!!Percent Male!!Total population 25 years and over with a Bachelor's degree or higher!!DETAILED AGE!!65 years and over!!Education"
"S1502_C04_023EA","Annotation of Estimate!!Percent Male!!Total population 25 years and over with a Bachelor's degree or higher!!DETAILED AGE!!65 years and over!!Education"
"S1502_C04_024E","Estimate!!Percent Male!!Total population 25 years and over with a Bachelor's degree or higher!!DETAILED AGE!!65 years and over!!Arts, Humanities and Others"
"S1502_C04_024M","Margin of Error!!Percent Male!!Total population 25 years and over with a Bachelor's degree or higher!!DETAILED AGE!!65 years and over!!Arts, Humanities and Others"
"S1502_C04_024MA","Annotation of Margin of Error!!Percent Male!!Total population 25 years and over with a Bachelor's degree or higher!!DETAILED AGE!!65 years and over!!Arts, Humanities and Others"
"S1502_C04_024EA","Annotation of Estimate!!Percent Male!!Total population 25 years and over with a Bachelor's degree or higher!!DETAILED AGE!!65 years and over!!Arts, Humanities and Others"
"S1502_C05_001E","Estimate!!Female!!Total population 25 years and over with a Bachelor's degree or higher"
"S1502_C05_001EA","Annotation of Estimate!!Female!!Total population 25 years and over with a Bachelor's degree or higher"
"S1502_C05_001M","Margin of Error!!Female!!Total population 25 years and over with a Bachelor's degree or higher"
"S1502_C05_001MA","Annotation of Margin of Error!!Female!!Total population 25 years and over with a Bachelor's degree or higher"
"S1502_C05_002E","Estimate!!Female!!Total population 25 years and over with a Bachelor's degree or higher!!Science and Engineering"
"S1502_C05_002M","Margin of Error!!Female!!Total population 25 years and over with a Bachelor's degree or higher!!Science and Engineering"
"S1502_C05_002MA","Annotation of Margin of Error!!Female!!Total population 25 years and over with a Bachelor's degree or higher!!Science and Engineering"
"S1502_C05_002EA","Annotation of Estimate!!Female!!Total population 25 years and over with a Bachelor's degree or higher!!Science and Engineering"
"S1502_C05_003E","Estimate!!Female!!Total population 25 years and over with a Bachelor's degree or higher!!Science and Engineering Related Fields"
"S1502_C05_003M","Margin of Error!!Female!!Total population 25 years and over with a Bachelor's degree or higher!!Science and Engineering Related Fields"
"S1502_C05_003MA","Annotation of Margin of Error!!Female!!Total population 25 years and over with a Bachelor's degree or higher!!Science and Engineering Related Fields"
"S1502_C05_003EA","Annotation of Estimate!!Female!!Total population 25 years and over with a Bachelor's degree or higher!!Science and Engineering Related Fields"
"S1502_C05_004E","Estimate!!Female!!Total population 25 years and over with a Bachelor's degree or higher!!Business"
"S1502_C05_004M","Margin of Error!!Female!!Total population 25 years and over with a Bachelor's degree or higher!!Business"
"S1502_C05_004MA","Annotation of Margin of Error!!Female!!Total population 25 years and over with a Bachelor's degree or higher!!Business"
"S1502_C05_004EA","Annotation of Estimate!!Female!!Total population 25 years and over with a Bachelor's degree or higher!!Business"
"S1502_C05_005E","Estimate!!Female!!Total population 25 years and over with a Bachelor's degree or higher!!Education"
"S1502_C05_005EA","Annotation of Estimate!!Female!!Total population 25 years and over with a Bachelor's degree or higher!!Education"
"S1502_C05_005M","Margin of Error!!Female!!Total population 25 years and over with a Bachelor's degree or higher!!Education"
"S1502_C05_005MA","Annotation of Margin of Error!!Female!!Total population 25 years and over with a Bachelor's degree or higher!!Education"
"S1502_C05_006E","Estimate!!Female!!Total population 25 years and over with a Bachelor's degree or higher!!Arts, Humanities and Others"
"S1502_C05_006M","Margin of Error!!Female!!Total population 25 years and over with a Bachelor's degree or higher!!Arts, Humanities and Others"
"S1502_C05_006MA","Annotation of Margin of Error!!Female!!Total population 25 years and over with a Bachelor's degree or higher!!Arts, Humanities and Others"
"S1502_C05_006EA","Annotation of Estimate!!Female!!Total population 25 years and over with a Bachelor's degree or higher!!Arts, Humanities and Others"
"S1502_C05_007E","Estimate!!Female!!Total population 25 years and over with a Bachelor's degree or higher!!DETAILED AGE!!25 to 39 years"
"S1502_C05_007M","Margin of Error!!Female!!Total population 25 years and over with a Bachelor's degree or higher!!DETAILED AGE!!25 to 39 years"
"S1502_C05_007MA","Annotation of Margin of Error!!Female!!Total population 25 years and over with a Bachelor's degree or higher!!DETAILED AGE!!25 to 39 years"
"S1502_C05_007EA","Annotation of Estimate!!Female!!Total population 25 years and over with a Bachelor's degree or higher!!DETAILED AGE!!25 to 39 years"
"S1502_C05_008E","Estimate!!Female!!Total population 25 years and over with a Bachelor's degree or higher!!DETAILED AGE!!25 to 39 years!!Science and Engineering"
"S1502_C05_008M","Margin of Error!!Female!!Total population 25 years and over with a Bachelor's degree or higher!!DETAILED AGE!!25 to 39 years!!Science and Engineering"
"S1502_C05_008MA","Annotation of Margin of Error!!Female!!Total population 25 years and over with a Bachelor's degree or higher!!DETAILED AGE!!25 to 39 years!!Science and Engineering"
"S1502_C05_008EA","Annotation of Estimate!!Female!!Total population 25 years and over with a Bachelor's degree or higher!!DETAILED AGE!!25 to 39 years!!Science and Engineering"
"S1502_C05_009E","Estimate!!Female!!Total population 25 years and over with a Bachelor's degree or higher!!DETAILED AGE!!25 to 39 years!!Science and Engineering Related Fields"
"S1502_C05_009M","Margin of Error!!Female!!Total population 25 years and over with a Bachelor's degree or higher!!DETAILED AGE!!25 to 39 years!!Science and Engineering Related Fields"
"S1502_C05_009MA","Annotation of Margin of Error!!Female!!Total population 25 years and over with a Bachelor's degree or higher!!DETAILED AGE!!25 to 39 years!!Science and Engineering Related Fields"
"S1502_C05_009EA","Annotation of Estimate!!Female!!Total population 25 years and over with a Bachelor's degree or higher!!DETAILED AGE!!25 to 39 years!!Science and Engineering Related Fields"
"S1502_C05_010E","Estimate!!Female!!Total population 25 years and over with a Bachelor's degree or higher!!DETAILED AGE!!25 to 39 years!!Business"
"S1502_C05_010EA","Annotation of Estimate!!Female!!Total population 25 years and over with a Bachelor's degree or higher!!DETAILED AGE!!25 to 39 years!!Business"
"S1502_C05_010M","Margin of Error!!Female!!Total population 25 years and over with a Bachelor's degree or higher!!DETAILED AGE!!25 to 39 years!!Business"
"S1502_C05_010MA","Annotation of Margin of Error!!Female!!Total population 25 years and over with a Bachelor's degree or higher!!DETAILED AGE!!25 to 39 years!!Business"
"S1502_C05_011E","Estimate!!Female!!Total population 25 years and over with a Bachelor's degree or higher!!DETAILED AGE!!25 to 39 years!!Education"
"S1502_C05_011EA","Annotation of Estimate!!Female!!Total population 25 years and over with a Bachelor's degree or higher!!DETAILED AGE!!25 to 39 years!!Education"
"S1502_C05_011M","Margin of Error!!Female!!Total population 25 years and over with a Bachelor's degree or higher!!DETAILED AGE!!25 to 39 years!!Education"
"S1502_C05_011MA","Annotation of Margin of Error!!Female!!Total population 25 years and over with a Bachelor's degree or higher!!DETAILED AGE!!25 to 39 years!!Education"
"S1502_C05_012E","Estimate!!Female!!Total population 25 years and over with a Bachelor's degree or higher!!DETAILED AGE!!25 to 39 years!!Arts, Humanities and Others"
"S1502_C05_012M","Margin of Error!!Female!!Total population 25 years and over with a Bachelor's degree or higher!!DETAILED AGE!!25 to 39 years!!Arts, Humanities and Others"
"S1502_C05_012MA","Annotation of Margin of Error!!Female!!Total population 25 years and over with a Bachelor's degree or higher!!DETAILED AGE!!25 to 39 years!!Arts, Humanities and Others"
"S1502_C05_012EA","Annotation of Estimate!!Female!!Total population 25 years and over with a Bachelor's degree or higher!!DETAILED AGE!!25 to 39 years!!Arts, Humanities and Others"
"S1502_C05_013E","Estimate!!Female!!Total population 25 years and over with a Bachelor's degree or higher!!DETAILED AGE!!40 to 64 years"
"S1502_C05_013M","Margin of Error!!Female!!Total population 25 years and over with a Bachelor's degree or higher!!DETAILED AGE!!40 to 64 years"
"S1502_C05_013MA","Annotation of Margin of Error!!Female!!Total population 25 years and over with a Bachelor's degree or higher!!DETAILED AGE!!40 to 64 years"
"S1502_C05_013EA","Annotation of Estimate!!Female!!Total population 25 years and over with a Bachelor's degree or higher!!DETAILED AGE!!40 to 64 years"
"S1502_C05_014E","Estimate!!Female!!Total population 25 years and over with a Bachelor's degree or higher!!DETAILED AGE!!40 to 64 years!!Science and Engineering"
"S1502_C05_014M","Margin of Error!!Female!!Total population 25 years and over with a Bachelor's degree or higher!!DETAILED AGE!!40 to 64 years!!Science and Engineering"
"S1502_C05_014MA","Annotation of Margin of Error!!Female!!Total population 25 years and over with a Bachelor's degree or higher!!DETAILED AGE!!40 to 64 years!!Science and Engineering"
"S1502_C05_014EA","Annotation of Estimate!!Female!!Total population 25 years and over with a Bachelor's degree or higher!!DETAILED AGE!!40 to 64 years!!Science and Engineering"
"S1502_C05_015E","Estimate!!Female!!Total population 25 years and over with a Bachelor's degree or higher!!DETAILED AGE!!40 to 64 years!!Science and Engineering Related Fields"
"S1502_C05_015M","Margin of Error!!Female!!Total population 25 years and over with a Bachelor's degree or higher!!DETAILED AGE!!40 to 64 years!!Science and Engineering Related Fields"
"S1502_C05_015MA","Annotation of Margin of Error!!Female!!Total population 25 years and over with a Bachelor's degree or higher!!DETAILED AGE!!40 to 64 years!!Science and Engineering Related Fields"
"S1502_C05_015EA","Annotation of Estimate!!Female!!Total population 25 years and over with a Bachelor's degree or higher!!DETAILED AGE!!40 to 64 years!!Science and Engineering Related Fields"
"S1502_C05_016E","Estimate!!Female!!Total population 25 years and over with a Bachelor's degree or higher!!DETAILED AGE!!40 to 64 years!!Business"
"S1502_C05_016M","Margin of Error!!Female!!Total population 25 years and over with a Bachelor's degree or higher!!DETAILED AGE!!40 to 64 years!!Business"
"S1502_C05_016MA","Annotation of Margin of Error!!Female!!Total population 25 years and over with a Bachelor's degree or higher!!DETAILED AGE!!40 to 64 years!!Business"
"S1502_C05_016EA","Annotation of Estimate!!Female!!Total population 25 years and over with a Bachelor's degree or higher!!DETAILED AGE!!40 to 64 years!!Business"
"S1502_C05_017E","Estimate!!Female!!Total population 25 years and over with a Bachelor's degree or higher!!DETAILED AGE!!40 to 64 years!!Education"
"S1502_C05_017EA","Annotation of Estimate!!Female!!Total population 25 years and over with a Bachelor's degree or higher!!DETAILED AGE!!40 to 64 years!!Education"
"S1502_C05_017M","Margin of Error!!Female!!Total population 25 years and over with a Bachelor's degree or higher!!DETAILED AGE!!40 to 64 years!!Education"
"S1502_C05_017MA","Annotation of Margin of Error!!Female!!Total population 25 years and over with a Bachelor's degree or higher!!DETAILED AGE!!40 to 64 years!!Education"
"S1502_C05_018E","Estimate!!Female!!Total population 25 years and over with a Bachelor's degree or higher!!DETAILED AGE!!40 to 64 years!!Arts, Humanities and Others"
"S1502_C05_018M","Margin of Error!!Female!!Total population 25 years and over with a Bachelor's degree or higher!!DETAILED AGE!!40 to 64 years!!Arts, Humanities and Others"
"S1502_C05_018MA","Annotation of Margin of Error!!Female!!Total population 25 years and over with a Bachelor's degree or higher!!DETAILED AGE!!40 to 64 years!!Arts, Humanities and Others"
"S1502_C05_018EA","Annotation of Estimate!!Female!!Total population 25 years and over with a Bachelor's degree or higher!!DETAILED AGE!!40 to 64 years!!Arts, Humanities and Others"
"S1502_C05_019E","Estimate!!Female!!Total population 25 years and over with a Bachelor's degree or higher!!DETAILED AGE!!65 years and over"
"S1502_C05_019EA","Annotation of Estimate!!Female!!Total population 25 years and over with a Bachelor's degree or higher!!DETAILED AGE!!65 years and over"
"S1502_C05_019M","Margin of Error!!Female!!Total population 25 years and over with a Bachelor's degree or higher!!DETAILED AGE!!65 years and over"
"S1502_C05_019MA","Annotation of Margin of Error!!Female!!Total population 25 years and over with a Bachelor's degree or higher!!DETAILED AGE!!65 years and over"
"S1502_C05_020E","Estimate!!Female!!Total population 25 years and over with a Bachelor's degree or higher!!DETAILED AGE!!65 years and over!!Science and Engineering"
"S1502_C05_020M","Margin of Error!!Female!!Total population 25 years and over with a Bachelor's degree or higher!!DETAILED AGE!!65 years and over!!Science and Engineering"
"S1502_C05_020MA","Annotation of Margin of Error!!Female!!Total population 25 years and over with a Bachelor's degree or higher!!DETAILED AGE!!65 years and over!!Science and Engineering"
"S1502_C05_020EA","Annotation of Estimate!!Female!!Total population 25 years and over with a Bachelor's degree or higher!!DETAILED AGE!!65 years and over!!Science and Engineering"
"S1502_C05_021E","Estimate!!Female!!Total population 25 years and over with a Bachelor's degree or higher!!DETAILED AGE!!65 years and over!!Science and Engineering Related Fields"
"S1502_C05_021M","Margin of Error!!Female!!Total population 25 years and over with a Bachelor's degree or higher!!DETAILED AGE!!65 years and over!!Science and Engineering Related Fields"
"S1502_C05_021MA","Annotation of Margin of Error!!Female!!Total population 25 years and over with a Bachelor's degree or higher!!DETAILED AGE!!65 years and over!!Science and Engineering Related Fields"
"S1502_C05_021EA","Annotation of Estimate!!Female!!Total population 25 years and over with a Bachelor's degree or higher!!DETAILED AGE!!65 years and over!!Science and Engineering Related Fields"
"S1502_C05_022E","Estimate!!Female!!Total population 25 years and over with a Bachelor's degree or higher!!DETAILED AGE!!65 years and over!!Business"
"S1502_C05_022EA","Annotation of Estimate!!Female!!Total population 25 years and over with a Bachelor's degree or higher!!DETAILED AGE!!65 years and over!!Business"
"S1502_C05_022M","Margin of Error!!Female!!Total population 25 years and over with a Bachelor's degree or higher!!DETAILED AGE!!65 years and over!!Business"
"S1502_C05_022MA","Annotation of Margin of Error!!Female!!Total population 25 years and over with a Bachelor's degree or higher!!DETAILED AGE!!65 years and over!!Business"
"S1502_C05_023E","Estimate!!Female!!Total population 25 years and over with a Bachelor's degree or higher!!DETAILED AGE!!65 years and over!!Education"
"S1502_C05_023EA","Annotation of Estimate!!Female!!Total population 25 years and over with a Bachelor's degree or higher!!DETAILED AGE!!65 years and over!!Education"
"S1502_C05_023M","Margin of Error!!Female!!Total population 25 years and over with a Bachelor's degree or higher!!DETAILED AGE!!65 years and over!!Education"
"S1502_C05_023MA","Annotation of Margin of Error!!Female!!Total population 25 years and over with a Bachelor's degree or higher!!DETAILED AGE!!65 years and over!!Education"
"S1502_C05_024E","Estimate!!Female!!Total population 25 years and over with a Bachelor's degree or higher!!DETAILED AGE!!65 years and over!!Arts, Humanities and Others"
"S1502_C05_024M","Margin of Error!!Female!!Total population 25 years and over with a Bachelor's degree or higher!!DETAILED AGE!!65 years and over!!Arts, Humanities and Others"
"S1502_C05_024MA","Annotation of Margin of Error!!Female!!Total population 25 years and over with a Bachelor's degree or higher!!DETAILED AGE!!65 years and over!!Arts, Humanities and Others"
"S1502_C05_024EA","Annotation of Estimate!!Female!!Total population 25 years and over with a Bachelor's degree or higher!!DETAILED AGE!!65 years and over!!Arts, Humanities and Others"
"S1502_C06_001E","Estimate!!Percent Female!!Total population 25 years and over with a Bachelor's degree or higher"
"S1502_C06_001M","Margin of Error!!Percent Female!!Total population 25 years and over with a Bachelor's degree or higher"
"S1502_C06_001MA","Annotation of Margin of Error!!Percent Female!!Total population 25 years and over with a Bachelor's degree or higher"
"S1502_C06_001EA","Annotation of Estimate!!Percent Female!!Total population 25 years and over with a Bachelor's degree or higher"
"S1502_C06_002E","Estimate!!Percent Female!!Total population 25 years and over with a Bachelor's degree or higher!!Science and Engineering"
"S1502_C06_002M","Margin of Error!!Percent Female!!Total population 25 years and over with a Bachelor's degree or higher!!Science and Engineering"
"S1502_C06_002MA","Annotation of Margin of Error!!Percent Female!!Total population 25 years and over with a Bachelor's degree or higher!!Science and Engineering"
"S1502_C06_002EA","Annotation of Estimate!!Percent Female!!Total population 25 years and over with a Bachelor's degree or higher!!Science and Engineering"
"S1502_C06_003E","Estimate!!Percent Female!!Total population 25 years and over with a Bachelor's degree or higher!!Science and Engineering Related Fields"
"S1502_C06_003EA","Annotation of Estimate!!Percent Female!!Total population 25 years and over with a Bachelor's degree or higher!!Science and Engineering Related Fields"
"S1502_C06_003M","Margin of Error!!Percent Female!!Total population 25 years and over with a Bachelor's degree or higher!!Science and Engineering Related Fields"
"S1502_C06_003MA","Annotation of Margin of Error!!Percent Female!!Total population 25 years and over with a Bachelor's degree or higher!!Science and Engineering Related Fields"
"S1502_C06_004E","Estimate!!Percent Female!!Total population 25 years and over with a Bachelor's degree or higher!!Business"
"S1502_C06_004M","Margin of Error!!Percent Female!!Total population 25 years and over with a Bachelor's degree or higher!!Business"
"S1502_C06_004MA","Annotation of Margin of Error!!Percent Female!!Total population 25 years and over with a Bachelor's degree or higher!!Business"
"S1502_C06_004EA","Annotation of Estimate!!Percent Female!!Total population 25 years and over with a Bachelor's degree or higher!!Business"
"S1502_C06_005E","Estimate!!Percent Female!!Total population 25 years and over with a Bachelor's degree or higher!!Education"
"S1502_C06_005M","Margin of Error!!Percent Female!!Total population 25 years and over with a Bachelor's degree or higher!!Education"
"S1502_C06_005MA","Annotation of Margin of Error!!Percent Female!!Total population 25 years and over with a Bachelor's degree or higher!!Education"
"S1502_C06_005EA","Annotation of Estimate!!Percent Female!!Total population 25 years and over with a Bachelor's degree or higher!!Education"
"S1502_C06_006E","Estimate!!Percent Female!!Total population 25 years and over with a Bachelor's degree or higher!!Arts, Humanities and Others"
"S1502_C06_006M","Margin of Error!!Percent Female!!Total population 25 years and over with a Bachelor's degree or higher!!Arts, Humanities and Others"
"S1502_C06_006MA","Annotation of Margin of Error!!Percent Female!!Total population 25 years and over with a Bachelor's degree or higher!!Arts, Humanities and Others"
"S1502_C06_006EA","Annotation of Estimate!!Percent Female!!Total population 25 years and over with a Bachelor's degree or higher!!Arts, Humanities and Others"
"S1502_C06_007E","Estimate!!Percent Female!!Total population 25 years and over with a Bachelor's degree or higher!!DETAILED AGE!!25 to 39 years"
"S1502_C06_007M","Margin of Error!!Percent Female!!Total population 25 years and over with a Bachelor's degree or higher!!DETAILED AGE!!25 to 39 years"
"S1502_C06_007MA","Annotation of Margin of Error!!Percent Female!!Total population 25 years and over with a Bachelor's degree or higher!!DETAILED AGE!!25 to 39 years"
"S1502_C06_007EA","Annotation of Estimate!!Percent Female!!Total population 25 years and over with a Bachelor's degree or higher!!DETAILED AGE!!25 to 39 years"
"S1502_C06_008E","Estimate!!Percent Female!!Total population 25 years and over with a Bachelor's degree or higher!!DETAILED AGE!!25 to 39 years!!Science and Engineering"
"S1502_C06_008EA","Annotation of Estimate!!Percent Female!!Total population 25 years and over with a Bachelor's degree or higher!!DETAILED AGE!!25 to 39 years!!Science and Engineering"
"S1502_C06_008M","Margin of Error!!Percent Female!!Total population 25 years and over with a Bachelor's degree or higher!!DETAILED AGE!!25 to 39 years!!Science and Engineering"
"S1502_C06_008MA","Annotation of Margin of Error!!Percent Female!!Total population 25 years and over with a Bachelor's degree or higher!!DETAILED AGE!!25 to 39 years!!Science and Engineering"
"S1502_C06_009E","Estimate!!Percent Female!!Total population 25 years and over with a Bachelor's degree or higher!!DETAILED AGE!!25 to 39 years!!Science and Engineering Related Fields"
"S1502_C06_009EA","Annotation of Estimate!!Percent Female!!Total population 25 years and over with a Bachelor's degree or higher!!DETAILED AGE!!25 to 39 years!!Science and Engineering Related Fields"
"S1502_C06_009M","Margin of Error!!Percent Female!!Total population 25 years and over with a Bachelor's degree or higher!!DETAILED AGE!!25 to 39 years!!Science and Engineering Related Fields"
"S1502_C06_009MA","Annotation of Margin of Error!!Percent Female!!Total population 25 years and over with a Bachelor's degree or higher!!DETAILED AGE!!25 to 39 years!!Science and Engineering Related Fields"
"S1502_C06_010E","Estimate!!Percent Female!!Total population 25 years and over with a Bachelor's degree or higher!!DETAILED AGE!!25 to 39 years!!Business"
"S1502_C06_010M","Margin of Error!!Percent Female!!Total population 25 years and over with a Bachelor's degree or higher!!DETAILED AGE!!25 to 39 years!!Business"
"S1502_C06_010MA","Annotation of Margin of Error!!Percent Female!!Total population 25 years and over with a Bachelor's degree or higher!!DETAILED AGE!!25 to 39 years!!Business"
"S1502_C06_010EA","Annotation of Estimate!!Percent Female!!Total population 25 years and over with a Bachelor's degree or higher!!DETAILED AGE!!25 to 39 years!!Business"
"S1502_C06_011E","Estimate!!Percent Female!!Total population 25 years and over with a Bachelor's degree or higher!!DETAILED AGE!!25 to 39 years!!Education"
"S1502_C06_011M","Margin of Error!!Percent Female!!Total population 25 years and over with a Bachelor's degree or higher!!DETAILED AGE!!25 to 39 years!!Education"
"S1502_C06_011MA","Annotation of Margin of Error!!Percent Female!!Total population 25 years and over with a Bachelor's degree or higher!!DETAILED AGE!!25 to 39 years!!Education"
"S1502_C06_011EA","Annotation of Estimate!!Percent Female!!Total population 25 years and over with a Bachelor's degree or higher!!DETAILED AGE!!25 to 39 years!!Education"
"S1502_C06_012E","Estimate!!Percent Female!!Total population 25 years and over with a Bachelor's degree or higher!!DETAILED AGE!!25 to 39 years!!Arts, Humanities and Others"
"S1502_C06_012EA","Annotation of Estimate!!Percent Female!!Total population 25 years and over with a Bachelor's degree or higher!!DETAILED AGE!!25 to 39 years!!Arts, Humanities and Others"
"S1502_C06_012M","Margin of Error!!Percent Female!!Total population 25 years and over with a Bachelor's degree or higher!!DETAILED AGE!!25 to 39 years!!Arts, Humanities and Others"
"S1502_C06_012MA","Annotation of Margin of Error!!Percent Female!!Total population 25 years and over with a Bachelor's degree or higher!!DETAILED AGE!!25 to 39 years!!Arts, Humanities and Others"
"S1502_C06_013E","Estimate!!Percent Female!!Total population 25 years and over with a Bachelor's degree or higher!!DETAILED AGE!!40 to 64 years"
"S1502_C06_013M","Margin of Error!!Percent Female!!Total population 25 years and over with a Bachelor's degree or higher!!DETAILED AGE!!40 to 64 years"
"S1502_C06_013MA","Annotation of Margin of Error!!Percent Female!!Total population 25 years and over with a Bachelor's degree or higher!!DETAILED AGE!!40 to 64 years"
"S1502_C06_013EA","Annotation of Estimate!!Percent Female!!Total population 25 years and over with a Bachelor's degree or higher!!DETAILED AGE!!40 to 64 years"
"S1502_C06_014E","Estimate!!Percent Female!!Total population 25 years and over with a Bachelor's degree or higher!!DETAILED AGE!!40 to 64 years!!Science and Engineering"
"S1502_C06_014EA","Annotation of Estimate!!Percent Female!!Total population 25 years and over with a Bachelor's degree or higher!!DETAILED AGE!!40 to 64 years!!Science and Engineering"
"S1502_C06_014M","Margin of Error!!Percent Female!!Total population 25 years and over with a Bachelor's degree or higher!!DETAILED AGE!!40 to 64 years!!Science and Engineering"
"S1502_C06_014MA","Annotation of Margin of Error!!Percent Female!!Total population 25 years and over with a Bachelor's degree or higher!!DETAILED AGE!!40 to 64 years!!Science and Engineering"
"S1502_C06_015E","Estimate!!Percent Female!!Total population 25 years and over with a Bachelor's degree or higher!!DETAILED AGE!!40 to 64 years!!Science and Engineering Related Fields"
"S1502_C06_015M","Margin of Error!!Percent Female!!Total population 25 years and over with a Bachelor's degree or higher!!DETAILED AGE!!40 to 64 years!!Science and Engineering Related Fields"
"S1502_C06_015MA","Annotation of Margin of Error!!Percent Female!!Total population 25 years and over with a Bachelor's degree or higher!!DETAILED AGE!!40 to 64 years!!Science and Engineering Related Fields"
"S1502_C06_015EA","Annotation of Estimate!!Percent Female!!Total population 25 years and over with a Bachelor's degree or higher!!DETAILED AGE!!40 to 64 years!!Science and Engineering Related Fields"
"S1502_C06_016E","Estimate!!Percent Female!!Total population 25 years and over with a Bachelor's degree or higher!!DETAILED AGE!!40 to 64 years!!Business"
"S1502_C06_016EA","Annotation of Estimate!!Percent Female!!Total population 25 years and over with a Bachelor's degree or higher!!DETAILED AGE!!40 to 64 years!!Business"
"S1502_C06_016M","Margin of Error!!Percent Female!!Total population 25 years and over with a Bachelor's degree or higher!!DETAILED AGE!!40 to 64 years!!Business"
"S1502_C06_016MA","Annotation of Margin of Error!!Percent Female!!Total population 25 years and over with a Bachelor's degree or higher!!DETAILED AGE!!40 to 64 years!!Business"
"S1502_C06_017E","Estimate!!Percent Female!!Total population 25 years and over with a Bachelor's degree or higher!!DETAILED AGE!!40 to 64 years!!Education"
"S1502_C06_017EA","Annotation of Estimate!!Percent Female!!Total population 25 years and over with a Bachelor's degree or higher!!DETAILED AGE!!40 to 64 years!!Education"
"S1502_C06_017M","Margin of Error!!Percent Female!!Total population 25 years and over with a Bachelor's degree or higher!!DETAILED AGE!!40 to 64 years!!Education"
"S1502_C06_017MA","Annotation of Margin of Error!!Percent Female!!Total population 25 years and over with a Bachelor's degree or higher!!DETAILED AGE!!40 to 64 years!!Education"
"S1502_C06_018E","Estimate!!Percent Female!!Total population 25 years and over with a Bachelor's degree or higher!!DETAILED AGE!!40 to 64 years!!Arts, Humanities and Others"
"S1502_C06_018EA","Annotation of Estimate!!Percent Female!!Total population 25 years and over with a Bachelor's degree or higher!!DETAILED AGE!!40 to 64 years!!Arts, Humanities and Others"
"S1502_C06_018M","Margin of Error!!Percent Female!!Total population 25 years and over with a Bachelor's degree or higher!!DETAILED AGE!!40 to 64 years!!Arts, Humanities and Others"
"S1502_C06_018MA","Annotation of Margin of Error!!Percent Female!!Total population 25 years and over with a Bachelor's degree or higher!!DETAILED AGE!!40 to 64 years!!Arts, Humanities and Others"
"S1502_C06_019E","Estimate!!Percent Female!!Total population 25 years and over with a Bachelor's degree or higher!!DETAILED AGE!!65 years and over"
"S1502_C06_019M","Margin of Error!!Percent Female!!Total population 25 years and over with a Bachelor's degree or higher!!DETAILED AGE!!65 years and over"
"S1502_C06_019MA","Annotation of Margin of Error!!Percent Female!!Total population 25 years and over with a Bachelor's degree or higher!!DETAILED AGE!!65 years and over"
"S1502_C06_019EA","Annotation of Estimate!!Percent Female!!Total population 25 years and over with a Bachelor's degree or higher!!DETAILED AGE!!65 years and over"
"S1502_C06_020E","Estimate!!Percent Female!!Total population 25 years and over with a Bachelor's degree or higher!!DETAILED AGE!!65 years and over!!Science and Engineering"
"S1502_C06_020M","Margin of Error!!Percent Female!!Total population 25 years and over with a Bachelor's degree or higher!!DETAILED AGE!!65 years and over!!Science and Engineering"
"S1502_C06_020MA","Annotation of Margin of Error!!Percent Female!!Total population 25 years and over with a Bachelor's degree or higher!!DETAILED AGE!!65 years and over!!Science and Engineering"
"S1502_C06_020EA","Annotation of Estimate!!Percent Female!!Total population 25 years and over with a Bachelor's degree or higher!!DETAILED AGE!!65 years and over!!Science and Engineering"
"S1502_C06_021E","Estimate!!Percent Female!!Total population 25 years and over with a Bachelor's degree or higher!!DETAILED AGE!!65 years and over!!Science and Engineering Related Fields"
"S1502_C06_021M","Margin of Error!!Percent Female!!Total population 25 years and over with a Bachelor's degree or higher!!DETAILED AGE!!65 years and over!!Science and Engineering Related Fields"
"S1502_C06_021MA","Annotation of Margin of Error!!Percent Female!!Total population 25 years and over with a Bachelor's degree or higher!!DETAILED AGE!!65 years and over!!Science and Engineering Related Fields"
"S1502_C06_021EA","Annotation of Estimate!!Percent Female!!Total population 25 years and over with a Bachelor's degree or higher!!DETAILED AGE!!65 years and over!!Science and Engineering Related Fields"
"S1502_C06_022E","Estimate!!Percent Female!!Total population 25 years and over with a Bachelor's degree or higher!!DETAILED AGE!!65 years and over!!Business"
"S1502_C06_022M","Margin of Error!!Percent Female!!Total population 25 years and over with a Bachelor's degree or higher!!DETAILED AGE!!65 years and over!!Business"
"S1502_C06_022MA","Annotation of Margin of Error!!Percent Female!!Total population 25 years and over with a Bachelor's degree or higher!!DETAILED AGE!!65 years and over!!Business"
"S1502_C06_022EA","Annotation of Estimate!!Percent Female!!Total population 25 years and over with a Bachelor's degree or higher!!DETAILED AGE!!65 years and over!!Business"
"S1502_C06_023E","Estimate!!Percent Female!!Total population 25 years and over with a Bachelor's degree or higher!!DETAILED AGE!!65 years and over!!Education"
"S1502_C06_023EA","Annotation of Estimate!!Percent Female!!Total population 25 years and over with a Bachelor's degree or higher!!DETAILED AGE!!65 years and over!!Education"
"S1502_C06_023M","Margin of Error!!Percent Female!!Total population 25 years and over with a Bachelor's degree or higher!!DETAILED AGE!!65 years and over!!Education"
"S1502_C06_023MA","Annotation of Margin of Error!!Percent Female!!Total population 25 years and over with a Bachelor's degree or higher!!DETAILED AGE!!65 years and over!!Education"
"S1502_C06_024E","Estimate!!Percent Female!!Total population 25 years and over with a Bachelor's degree or higher!!DETAILED AGE!!65 years and over!!Arts, Humanities and Others"
"S1502_C06_024EA","Annotation of Estimate!!Percent Female!!Total population 25 years and over with a Bachelor's degree or higher!!DETAILED AGE!!65 years and over!!Arts, Humanities and Others"
"S1502_C06_024M","Margin of Error!!Percent Female!!Total population 25 years and over with a Bachelor's degree or higher!!DETAILED AGE!!65 years and over!!Arts, Humanities and Others"
"S1502_C06_024MA","Annotation of Margin of Error!!Percent Female!!Total population 25 years and over with a Bachelor's degree or higher!!DETAILED AGE!!65 years and over!!Arts, Humanities and Others"
